HBA,HBD,Ratio,Density_g_cm3,Visc_HoleTheory_cP,Vm_cm3_mol
Betaine,"1,2_Butanediol",1:1,1.058,1.506,97.9
Betaine,"1,2_Butanediol",1:2,1.06,6.522,93.5
Betaine,"1,2_Butanediol",1:3,1.06,16.471,91.3
Betaine,"1,2_Butanediol",1:4,1.061,30.715,89.98
Betaine,"1,2_Butanediol",1:5,1.061,47.924,89.1
Betaine,"1,2_Butanediol",2:1,1.056,0.551,102.3
Betaine,"1,2_Butanediol",3:1,1.056,0.389,104.5
Betaine,"1,2_Butanediol",4:1,1.055,0.33,105.82
Betaine,"1,2_Butanediol",5:1,1.055,0.301,106.7
Betaine,"1,3_Butanediol",1:1,1.058,1.506,97.9
Betaine,"1,3_Butanediol",1:2,1.06,6.522,93.5
Betaine,"1,3_Butanediol",1:3,1.06,16.471,91.3
Betaine,"1,3_Butanediol",1:4,1.061,30.715,89.98
Betaine,"1,3_Butanediol",1:5,1.061,47.924,89.1
Betaine,"1,3_Butanediol",2:1,1.056,0.551,102.3
Betaine,"1,3_Butanediol",3:1,1.056,0.389,104.5
Betaine,"1,3_Butanediol",4:1,1.055,0.33,105.82
Betaine,"1,3_Butanediol",5:1,1.055,0.301,106.7
Betaine,"1,4_Butanediol",1:1,1.06,1.697,97.75
Betaine,"1,4_Butanediol",1:2,1.062,7.694,93.3
Betaine,"1,4_Butanediol",1:3,1.063,19.917,91.08
Betaine,"1,4_Butanediol",1:4,1.064,37.723,89.74
Betaine,"1,4_Butanediol",1:5,1.064,59.491,88.85
Betaine,"1,4_Butanediol",2:1,1.057,0.595,102.2
Betaine,"1,4_Butanediol",3:1,1.057,0.412,104.42
Betaine,"1,4_Butanediol",4:1,1.056,0.345,105.76
Betaine,"1,4_Butanediol",5:1,1.056,0.313,106.65
Betaine,"1,6_Hexanediol",1:1,1.033,4.427,113.85
Betaine,"1,6_Hexanediol",1:2,1.026,26.797,114.77
Betaine,"1,6_Hexanediol",1:3,1.023,76.496,115.22
Betaine,"1,6_Hexanediol",1:4,1.021,150.433,115.5
Betaine,"1,6_Hexanediol",1:5,1.019,240.752,115.68
Betaine,"1,6_Hexanediol",2:1,1.04,1.096,112.93
Betaine,"1,6_Hexanediol",3:1,1.043,0.637,112.47
Betaine,"1,6_Hexanediol",4:1,1.045,0.483,112.2
Betaine,"1,6_Hexanediol",5:1,1.047,0.411,112.02
Betaine,"2,3_Butanediol",1:1,1.056,1.339,98.05
Betaine,"2,3_Butanediol",1:2,1.057,5.548,93.7
Betaine,"2,3_Butanediol",1:3,1.058,13.683,91.53
Betaine,"2,3_Butanediol",1:4,1.058,25.14,90.22
Betaine,"2,3_Butanediol",1:5,1.058,38.827,89.35
Betaine,"2,3_Butanediol",2:1,1.055,0.51,102.4
Betaine,"2,3_Butanediol",3:1,1.055,0.367,104.57
Betaine,"2,3_Butanediol",4:1,1.055,0.315,105.88
Betaine,"2,3_Butanediol",5:1,1.055,0.29,106.75
Betaine,Citric_Acid,1:1,2.628,1.563,58.8
Betaine,Citric_Acid,1:2,4.038,8.544,41.37
Betaine,Citric_Acid,1:3,5.308,38.374,32.65
Betaine,Citric_Acid,1:4,6.457,146.589,27.42
Betaine,Citric_Acid,1:5,7.501,489.492,23.93
Betaine,Citric_Acid,2:1,1.864,0.617,76.23
Betaine,Citric_Acid,3:1,1.599,0.448,84.95
Betaine,Citric_Acid,4:1,1.464,0.381,90.18
Betaine,Citric_Acid,5:1,1.383,0.346,93.67
Betaine,Ethylene_Glycol,1:1,1.097,0.596,81.65
Betaine,Ethylene_Glycol,1:2,1.119,1.882,71.83
Betaine,Ethylene_Glycol,1:3,1.133,4.34,66.93
Betaine,Ethylene_Glycol,1:4,1.142,7.965,63.98
Betaine,Ethylene_Glycol,1:5,1.148,12.566,62.02
Betaine,Ethylene_Glycol,2:1,1.079,0.314,91.47
Betaine,Ethylene_Glycol,3:1,1.072,0.263,96.37
Betaine,Ethylene_Glycol,4:1,1.068,0.246,99.32
Betaine,Ethylene_Glycol,5:1,1.065,0.238,101.28
Betaine,Fructose,1:1,1.87,137.47,79.45
Betaine,Fructose,1:2,2.309,18002.506,68.9
Betaine,Fructose,1:3,2.583,506349.722,63.62
Betaine,Fructose,1:4,2.77,5470426.083,60.46
Betaine,Fructose,1:5,2.906,32193545.38,58.35
Betaine,Fructose,2:1,1.534,5.73,90
Betaine,Fructose,3:1,1.394,1.855,95.27
Betaine,Fructose,4:1,1.317,1.062,98.44
Betaine,Fructose,5:1,1.269,0.766,100.55
Betaine,Glucose,1:1,1.857,66.267,80
Betaine,Glucose,1:2,2.284,5603.233,69.63
Betaine,Glucose,1:3,2.55,117584.179,64.45
Betaine,Glucose,1:4,2.73,1030209.732,61.34
Betaine,Glucose,1:5,2.861,5181195.775,59.27
Betaine,Glucose,2:1,1.528,3.771,90.37
Betaine,Glucose,3:1,1.39,1.383,95.55
Betaine,Glucose,4:1,1.314,0.847,98.66
Betaine,Glucose,5:1,1.266,0.637,100.73
Betaine,Glycerol,1:1,1.214,2.315,86.15
Betaine,Glycerol,1:2,1.29,18.014,77.83
Betaine,Glycerol,1:3,1.334,72.32,73.68
Betaine,Glycerol,1:4,1.363,191.714,71.18
Betaine,Glycerol,1:5,1.384,392.157,69.52
Betaine,Glycerol,2:1,1.151,0.635,94.47
Betaine,Glycerol,3:1,1.124,0.416,98.62
Betaine,Glycerol,4:1,1.108,0.343,101.12
Betaine,Glycerol,5:1,1.098,0.309,102.78
Betaine,Lactic_Acid,1:1,1.398,0.273,74.05
Betaine,Lactic_Acid,1:2,1.605,0.446,61.7
Betaine,Lactic_Acid,1:3,1.743,0.669,55.52
Betaine,Lactic_Acid,1:4,1.842,0.919,51.82
Betaine,Lactic_Acid,1:5,1.916,1.179,49.35
Betaine,Lactic_Acid,2:1,1.251,0.222,86.4
Betaine,Lactic_Acid,3:1,1.192,0.214,92.57
Betaine,Lactic_Acid,4:1,1.16,0.214,96.28
Betaine,Lactic_Acid,5:1,1.14,0.215,98.75
Betaine,Levulinic_Acid,1:1,1.406,0.26,82.9
Betaine,Levulinic_Acid,1:2,1.584,0.286,73.5
Betaine,Levulinic_Acid,1:3,1.69,0.304,68.8
Betaine,Levulinic_Acid,1:4,1.762,0.318,65.98
Betaine,Levulinic_Acid,1:5,1.813,0.328,64.1
Betaine,Levulinic_Acid,2:1,1.265,0.246,92.3
Betaine,Levulinic_Acid,3:1,1.204,0.241,97
Betaine,Levulinic_Acid,4:1,1.171,0.239,99.82
Betaine,Levulinic_Acid,5:1,1.15,0.238,101.7
Betaine,Malic_Acid,1:1,2.006,0.362,62.6
Betaine,Malic_Acid,1:2,2.765,0.7,46.43
Betaine,Malic_Acid,1:3,3.384,1.267,38.35
Betaine,Malic_Acid,1:4,3.899,2.109,33.5
Betaine,Malic_Acid,1:5,4.335,3.259,30.27
Betaine,Malic_Acid,2:1,1.558,0.268,78.77
Betaine,Malic_Acid,3:1,1.397,0.248,86.85
Betaine,Malic_Acid,4:1,1.314,0.241,91.7
Betaine,Malic_Acid,5:1,1.263,0.238,94.93
Betaine,Malonic_Acid,1:1,1.903,0.161,58.1
Betaine,Malonic_Acid,1:2,2.68,0.183,40.43
Betaine,Malonic_Acid,1:3,3.395,0.224,31.6
Betaine,Malonic_Acid,1:4,4.054,0.275,26.3
Betaine,Malonic_Acid,1:5,4.664,0.335,22.77
Betaine,Malonic_Acid,2:1,1.488,0.169,75.77
Betaine,Malonic_Acid,3:1,1.345,0.18,84.6
Betaine,Malonic_Acid,4:1,1.273,0.188,89.9
Betaine,Malonic_Acid,5:1,1.23,0.194,93.43
Betaine,Sorbitol,1:1,1.501,271.481,99.65
Betaine,Sorbitol,1:2,1.674,40559.822,95.83
Betaine,Sorbitol,1:3,1.766,893610.641,93.93
Betaine,Sorbitol,1:4,1.822,6997136.169,92.78
Betaine,Sorbitol,1:5,1.861,30125175.193,92.02
Betaine,Sorbitol,2:1,1.341,7.565,103.47
Betaine,Sorbitol,3:1,1.265,2.054,105.37
Betaine,Sorbitol,4:1,1.221,1.087,106.52
Betaine,Sorbitol,5:1,1.192,0.754,107.28
Betaine,Sucrose,1:1,2.397,590390.568,95.8
Betaine,Sucrose,1:2,2.945,11081007003.667,90.7
Betaine,Sucrose,1:3,3.243,4864809039944.79,88.15
Betaine,Sucrose,1:4,3.43,282845702642458,86.62
Betaine,Sucrose,1:5,3.559,5092065951423254,85.6
Betaine,Sucrose,2:1,1.904,474.283,100.9
Betaine,Sucrose,3:1,1.676,32.804,103.45
Betaine,Sucrose,4:1,1.544,8.57,104.98
Betaine,Sucrose,5:1,1.458,3.884,106
Betaine,Urea,1:1,1.23,0.18,72
Betaine,Urea,1:2,1.341,0.237,58.97
Betaine,Urea,1:3,1.416,0.311,52.45
Betaine,Urea,1:4,1.472,0.391,48.54
Betaine,Urea,1:5,1.514,0.471,45.93
Betaine,Urea,2:1,1.153,0.174,85.03
Betaine,Urea,3:1,1.123,0.18,91.55
Betaine,Urea,4:1,1.107,0.187,95.46
Betaine,Urea,5:1,1.097,0.193,98.07
Betaine_Chloride,"1,2_Butanediol",1:1,1.106,3.475,109.9
Betaine_Chloride,"1,2_Butanediol",1:2,1.094,11.195,101.5
Betaine_Chloride,"1,2_Butanediol",1:3,1.088,24.232,97.3
Betaine_Chloride,"1,2_Butanediol",1:4,1.083,41.28,94.78
Betaine_Chloride,"1,2_Butanediol",1:5,1.08,60.765,93.1
Betaine_Chloride,"1,2_Butanediol",2:1,1.116,1.626,118.3
Betaine_Chloride,"1,2_Butanediol",3:1,1.121,1.264,122.5
Betaine_Chloride,"1,2_Butanediol",4:1,1.123,1.127,125.02
Betaine_Chloride,"1,2_Butanediol",5:1,1.125,1.059,126.7
Betaine_Chloride,"1,3_Butanediol",1:1,1.106,3.475,109.9
Betaine_Chloride,"1,3_Butanediol",1:2,1.094,11.195,101.5
Betaine_Chloride,"1,3_Butanediol",1:3,1.088,24.232,97.3
Betaine_Chloride,"1,3_Butanediol",1:4,1.083,41.28,94.78
Betaine_Chloride,"1,3_Butanediol",1:5,1.08,60.765,93.1
Betaine_Chloride,"1,3_Butanediol",2:1,1.116,1.626,118.3
Betaine_Chloride,"1,3_Butanediol",3:1,1.121,1.264,122.5
Betaine_Chloride,"1,3_Butanediol",4:1,1.123,1.127,125.02
Betaine_Chloride,"1,3_Butanediol",5:1,1.125,1.059,126.7
Betaine_Chloride,"1,4_Butanediol",1:1,1.108,3.925,109.75
Betaine_Chloride,"1,4_Butanediol",1:2,1.096,13.232,101.3
Betaine_Chloride,"1,4_Butanediol",1:3,1.09,29.342,97.08
Betaine_Chloride,"1,4_Butanediol",1:4,1.086,50.75,94.54
Betaine_Chloride,"1,4_Butanediol",1:5,1.083,75.493,92.85
Betaine_Chloride,"1,4_Butanediol",2:1,1.117,1.761,118.2
Betaine_Chloride,"1,4_Butanediol",3:1,1.122,1.342,122.42
Betaine_Chloride,"1,4_Butanediol",4:1,1.124,1.182,124.96
Betaine_Chloride,"1,4_Butanediol",5:1,1.126,1.101,126.65
Betaine_Chloride,"1,6_Hexanediol",1:1,1.077,10.416,125.85
Betaine_Chloride,"1,6_Hexanediol",1:2,1.057,47.006,122.77
Betaine_Chloride,"1,6_Hexanediol",1:3,1.046,115.365,121.22
Betaine_Chloride,"1,6_Hexanediol",1:4,1.04,207.5,120.3
Betaine_Chloride,"1,6_Hexanediol",1:5,1.035,313.295,119.68
Betaine_Chloride,"1,6_Hexanediol",2:1,1.097,3.315,128.93
Betaine_Chloride,"1,6_Hexanediol",3:1,1.106,2.125,130.47
Betaine_Chloride,"1,6_Hexanediol",4:1,1.112,1.692,131.4
Betaine_Chloride,"1,6_Hexanediol",5:1,1.115,1.477,132.02
Betaine_Chloride,"2,3_Butanediol",1:1,1.105,3.081,110.05
Betaine_Chloride,"2,3_Butanediol",1:2,1.092,9.503,101.7
Betaine_Chloride,"2,3_Butanediol",1:3,1.085,20.097,97.53
Betaine_Chloride,"2,3_Butanediol",1:4,1.08,33.743,95.02
Betaine_Chloride,"2,3_Butanediol",1:5,1.077,49.18,93.35
Betaine_Chloride,"2,3_Butanediol",2:1,1.115,1.503,118.4
Betaine_Chloride,"2,3_Butanediol",3:1,1.12,1.192,122.57
Betaine_Chloride,"2,3_Butanediol",4:1,1.123,1.075,125.08
Betaine_Chloride,"2,3_Butanediol",5:1,1.125,1.018,126.75
Betaine_Chloride,Citric_Acid,1:1,2.437,3.093,70.8
Betaine_Chloride,Citric_Acid,1:2,3.627,11.675,49.37
Betaine_Chloride,Citric_Acid,1:3,4.716,40.119,38.65
Betaine_Chloride,Citric_Acid,1:4,5.718,124.38,32.22
Betaine_Chloride,Citric_Acid,1:5,6.642,351.096,27.93
Betaine_Chloride,Citric_Acid,2:1,1.8,1.588,92.23
Betaine_Chloride,Citric_Acid,3:1,1.581,1.288,102.95
Betaine_Chloride,Citric_Acid,4:1,1.471,1.166,109.38
Betaine_Chloride,Citric_Acid,5:1,1.404,1.101,113.67
Betaine_Chloride,Ethylene_Glycol,1:1,1.148,1.347,93.65
Betaine_Chloride,Ethylene_Glycol,1:2,1.157,3.154,79.83
Betaine_Chloride,Ethylene_Glycol,1:3,1.163,6.18,72.93
Betaine_Chloride,Ethylene_Glycol,1:4,1.167,10.297,68.78
Betaine_Chloride,Ethylene_Glycol,1:5,1.17,15.274,66.02
Betaine_Chloride,Ethylene_Glycol,2:1,1.142,0.901,107.47
Betaine_Chloride,Ethylene_Glycol,3:1,1.139,0.829,114.37
Betaine_Chloride,Ethylene_Glycol,4:1,1.138,0.813,118.52
Betaine_Chloride,Ethylene_Glycol,5:1,1.137,0.812,121.28
Betaine_Chloride,Fructose,1:1,1.821,296.126,91.45
Betaine_Chloride,Fructose,1:2,2.224,23508.778,76.9
Betaine_Chloride,Fructose,1:3,2.489,507882.788,69.62
Betaine_Chloride,Fructose,1:4,2.676,4772133.232,65.26
Betaine_Chloride,Fructose,1:5,2.816,26048177.045,62.35
Betaine_Chloride,Fructose,2:1,1.529,17.657,106
Betaine_Chloride,Fructose,3:1,1.411,6.411,113.27
Betaine_Chloride,Fructose,4:1,1.347,3.854,117.64
Betaine_Chloride,Fructose,5:1,1.307,2.846,120.55
Betaine_Chloride,Glucose,1:1,1.81,145,92
Betaine_Chloride,Glucose,1:2,2.203,7605.554,77.63
Betaine_Chloride,Glucose,1:3,2.46,124073.513,70.45
Betaine_Chloride,Glucose,1:4,2.641,950482.143,66.14
Betaine_Chloride,Glucose,1:5,2.775,4441398,63.27
Betaine_Chloride,Glucose,2:1,1.524,11.637,106.37
Betaine_Chloride,Glucose,3:1,1.407,4.77,113.55
Betaine_Chloride,Glucose,4:1,1.344,3.064,117.86
Betaine_Chloride,Glucose,5:1,1.305,2.36,120.73
Betaine_Chloride,Glycerol,1:1,1.249,5.296,98.15
Betaine_Chloride,Glycerol,1:2,1.309,29.356,85.83
Betaine_Chloride,Glycerol,1:3,1.347,98.605,79.68
Betaine_Chloride,Glycerol,1:4,1.372,236.218,75.98
Betaine_Chloride,Glycerol,1:5,1.39,454.162,73.52
Betaine_Chloride,Glycerol,2:1,1.201,1.896,110.47
Betaine_Chloride,Glycerol,3:1,1.182,1.371,116.62
Betaine_Chloride,Glycerol,4:1,1.171,1.186,120.32
Betaine_Chloride,Glycerol,5:1,1.164,1.097,122.78
Betaine_Chloride,Lactic_Acid,1:1,1.412,0.595,86.05
Betaine_Chloride,Lactic_Acid,1:2,1.593,0.751,69.7
Betaine_Chloride,Lactic_Acid,1:3,1.719,0.977,61.52
Betaine_Chloride,Lactic_Acid,1:4,1.813,1.228,56.62
Betaine_Chloride,Lactic_Acid,1:5,1.884,1.485,53.35
Betaine_Chloride,Lactic_Acid,2:1,1.29,0.601,102.4
Betaine_Chloride,Lactic_Acid,3:1,1.242,0.64,110.57
Betaine_Chloride,Lactic_Acid,4:1,1.216,0.674,115.48
Betaine_Chloride,Lactic_Acid,5:1,1.2,0.701,118.75
Betaine_Chloride,Levulinic_Acid,1:1,1.418,0.497,94.9
Betaine_Chloride,Levulinic_Acid,1:2,1.575,0.434,81.5
Betaine_Chloride,Levulinic_Acid,1:3,1.675,0.413,74.8
Betaine_Chloride,Levulinic_Acid,1:4,1.744,0.405,70.78
Betaine_Chloride,Levulinic_Acid,1:5,1.795,0.401,68.1
Betaine_Chloride,Levulinic_Acid,2:1,1.299,0.591,108.3
Betaine_Chloride,Levulinic_Acid,3:1,1.25,0.651,115
Betaine_Chloride,Levulinic_Acid,4:1,1.224,0.692,119.02
Betaine_Chloride,Levulinic_Acid,5:1,1.207,0.722,121.7
Betaine_Chloride,Malic_Acid,1:1,1.924,0.76,74.6
Betaine_Chloride,Malic_Acid,1:2,2.579,1.125,54.43
Betaine_Chloride,Malic_Acid,1:3,3.129,1.733,44.35
Betaine_Chloride,Malic_Acid,1:4,3.599,2.588,38.3
Betaine_Chloride,Malic_Acid,1:5,4.004,3.706,34.27
Betaine_Chloride,Malic_Acid,2:1,1.548,0.702,94.77
Betaine_Chloride,Malic_Acid,3:1,1.414,0.719,104.85
Betaine_Chloride,Malic_Acid,4:1,1.346,0.741,110.9
Betaine_Chloride,Malic_Acid,5:1,1.304,0.759,114.93
Betaine_Chloride,Malonic_Acid,1:1,1.834,0.297,70.1
Betaine_Chloride,Malonic_Acid,1:2,2.485,0.26,48.43
Betaine_Chloride,Malonic_Acid,1:3,3.092,0.277,37.6
Betaine_Chloride,Malonic_Acid,1:4,3.66,0.312,31.1
Betaine_Chloride,Malonic_Acid,1:5,4.191,0.357,26.77
Betaine_Chloride,Malonic_Acid,2:1,1.49,0.399,91.77
Betaine_Chloride,Malonic_Acid,3:1,1.372,0.479,102.6
Betaine_Chloride,Malonic_Acid,4:1,1.313,0.539,109.1
Betaine_Chloride,Malonic_Acid,5:1,1.277,0.584,113.43
Betaine_Chloride,Sorbitol,1:1,1.501,587.501,111.65
Betaine_Chloride,Sorbitol,1:2,1.66,56964.5,103.83
Betaine_Chloride,Sorbitol,1:3,1.75,1034196.225,99.93
Betaine_Chloride,Sorbitol,1:4,1.806,7366677.495,97.58
Betaine_Chloride,Sorbitol,1:5,1.846,30167701.321,96.02
Betaine_Chloride,Sorbitol,2:1,1.362,23.723,119.47
Betaine_Chloride,Sorbitol,3:1,1.299,7.335,123.37
Betaine_Chloride,Sorbitol,4:1,1.264,4.099,125.72
Betaine_Chloride,Sorbitol,5:1,1.24,2.918,127.28
Betaine_Chloride,Sucrose,1:1,2.297,1030135.693,107.8
Betaine_Chloride,Sucrose,1:2,2.828,10411024561.257,98.7
Betaine_Chloride,Sucrose,1:3,3.132,3578875486986.17,94.15
Betaine_Chloride,Sucrose,1:4,3.329,189213077650603,91.42
Betaine_Chloride,Sucrose,1:5,3.467,3297697791147521,89.6
Betaine_Chloride,Sucrose,2:1,1.848,1429.832,116.9
Betaine_Chloride,Sucrose,3:1,1.649,119.151,121.45
Betaine_Chloride,Sucrose,4:1,1.537,33.552,124.18
Betaine_Chloride,Sucrose,5:1,1.465,15.717,126
Betaine_Chloride,Urea,1:1,1.268,0.385,84
Betaine_Chloride,Urea,1:2,1.359,0.394,66.97
Betaine_Chloride,Urea,1:3,1.425,0.451,58.45
Betaine_Chloride,Urea,1:4,1.474,0.521,53.34
Betaine_Chloride,Urea,1:5,1.513,0.593,49.93
Betaine_Chloride,Urea,2:1,1.208,0.46,101.03
Betaine_Chloride,Urea,3:1,1.185,0.528,109.55
Betaine_Chloride,Urea,4:1,1.173,0.58,114.66
Betaine_Chloride,Urea,5:1,1.165,0.62,118.07
Choline_Chloride,"1,2_Butanediol",1:1,0.911,109.85,125.7
Choline_Chloride,"1,2_Butanediol",1:2,0.95,159.512,112.03
Choline_Chloride,"1,2_Butanediol",1:3,0.973,205.425,105.2
Choline_Chloride,"1,2_Butanediol",1:4,0.988,245.464,101.1
Choline_Chloride,"1,2_Butanediol",1:5,0.999,279.864,98.37
Choline_Chloride,"1,2_Butanediol",2:1,0.881,86.57,139.37
Choline_Chloride,"1,2_Butanediol",3:1,0.867,79.913,146.2
Choline_Chloride,"1,2_Butanediol",4:1,0.86,76.973,150.3
Choline_Chloride,"1,2_Butanediol",5:1,0.855,75.374,153.03
Choline_Chloride,"1,3_Butanediol",1:1,0.911,109.85,125.7
Choline_Chloride,"1,3_Butanediol",1:2,0.95,159.512,112.03
Choline_Chloride,"1,3_Butanediol",1:3,0.973,205.425,105.2
Choline_Chloride,"1,3_Butanediol",1:4,0.988,245.464,101.1
Choline_Chloride,"1,3_Butanediol",1:5,0.999,279.864,98.37
Choline_Chloride,"1,3_Butanediol",2:1,0.881,86.57,139.37
Choline_Chloride,"1,3_Butanediol",3:1,0.867,79.913,146.2
Choline_Chloride,"1,3_Butanediol",4:1,0.86,76.973,150.3
Choline_Chloride,"1,3_Butanediol",5:1,0.855,75.374,153.03
Choline_Chloride,"1,4_Butanediol",1:1,0.913,123.724,125.55
Choline_Chloride,"1,4_Butanediol",1:2,0.951,188.006,111.83
Choline_Chloride,"1,4_Butanediol",1:3,0.975,248.141,104.97
Choline_Chloride,"1,4_Butanediol",1:4,0.99,301.138,100.86
Choline_Chloride,"1,4_Butanediol",1:5,1.001,347.036,98.12
Choline_Chloride,"1,4_Butanediol",2:1,0.881,93.505,139.27
Choline_Chloride,"1,4_Butanediol",3:1,0.868,84.609,146.12
Choline_Chloride,"1,4_Butanediol",4:1,0.86,80.545,150.24
Choline_Chloride,"1,4_Butanediol",5:1,0.856,78.266,152.98
Choline_Chloride,"1,6_Hexanediol",1:1,0.908,315.21,141.65
Choline_Chloride,"1,6_Hexanediol",1:2,0.938,608.135,133.3
Choline_Chloride,"1,6_Hexanediol",1:3,0.955,877.808,129.12
Choline_Chloride,"1,6_Hexanediol",1:4,0.966,1109.198,126.62
Choline_Chloride,"1,6_Hexanediol",1:5,0.973,1304.369,124.95
Choline_Chloride,"1,6_Hexanediol",2:1,0.881,178.486,150
Choline_Chloride,"1,6_Hexanediol",3:1,0.868,138.225,154.17
Choline_Chloride,"1,6_Hexanediol",4:1,0.861,119.561,156.68
Choline_Chloride,"1,6_Hexanediol",5:1,0.856,108.897,158.35
Choline_Chloride,"2,3_Butanediol",1:1,0.91,97.672,125.85
Choline_Chloride,"2,3_Butanediol",1:2,0.948,135.726,112.23
Choline_Chloride,"2,3_Butanediol",1:3,0.971,170.726,105.42
Choline_Chloride,"2,3_Butanediol",1:4,0.985,201.011,101.34
Choline_Chloride,"2,3_Butanediol",1:5,0.996,226.863,98.62
Choline_Chloride,"2,3_Butanediol",2:1,0.88,80.195,139.47
Choline_Chloride,"2,3_Butanediol",3:1,0.867,75.502,146.27
Choline_Chloride,"2,3_Butanediol",4:1,0.86,73.573,150.36
Choline_Chloride,"2,3_Butanediol",5:1,0.855,72.599,153.08
Choline_Chloride,Citric_Acid,1:1,1.912,34.883,86.6
Choline_Chloride,Citric_Acid,1:2,2.911,59.516,59.9
Choline_Chloride,Citric_Acid,1:3,3.841,126.143,46.55
Choline_Chloride,Citric_Acid,1:4,4.708,277.254,38.54
Choline_Chloride,Citric_Acid,1:5,5.518,600.753,33.2
Choline_Chloride,Citric_Acid,2:1,1.383,35.647,113.3
Choline_Chloride,Citric_Acid,3:1,1.203,39.979,126.65
Choline_Chloride,Citric_Acid,4:1,1.111,43.786,134.66
Choline_Chloride,Citric_Acid,5:1,1.056,46.878,140
Choline_Chloride,Ethylene_Glycol,1:1,0.919,41.403,109.45
Choline_Chloride,Ethylene_Glycol,1:2,0.971,47.662,90.37
Choline_Chloride,Ethylene_Glycol,1:3,1.006,57.63,80.83
Choline_Chloride,Ethylene_Glycol,1:4,1.031,68.23,75.1
Choline_Chloride,Ethylene_Glycol,1:5,1.05,78.585,71.28
Choline_Chloride,Ethylene_Glycol,2:1,0.882,44.142,128.53
Choline_Chloride,Ethylene_Glycol,3:1,0.868,47.985,138.07
Choline_Chloride,Ethylene_Glycol,4:1,0.86,51.096,143.8
Choline_Chloride,Ethylene_Glycol,5:1,0.855,53.53,147.62
Choline_Chloride,Fructose,1:1,1.488,18254.962,107.25
Choline_Chloride,Fructose,1:2,1.903,625434.436,87.43
Choline_Chloride,Fructose,1:3,2.19,7180549.694,77.52
Choline_Chloride,Fructose,1:4,2.401,42850470.413,71.58
Choline_Chloride,Fructose,1:5,2.562,167624500.202,67.62
Choline_Chloride,Fructose,2:1,1.202,1602.744,127.07
Choline_Chloride,Fructose,3:1,1.09,618.997,136.97
Choline_Chloride,Fructose,4:1,1.03,372.84,142.92
Choline_Chloride,Fructose,5:1,0.993,272.122,146.88
Choline_Chloride,Glucose,1:1,1.48,9445.227,107.8
Choline_Chloride,Glucose,1:2,1.887,218399.003,88.17
Choline_Chloride,Glucose,1:3,2.167,1908874.391,78.35
Choline_Chloride,Glucose,1:4,2.372,9306714.564,72.46
Choline_Chloride,Glucose,1:5,2.528,31140603.383,68.53
Choline_Chloride,Glucose,2:1,1.199,1093.518,127.43
Choline_Chloride,Glucose,3:1,1.088,472.307,137.25
Choline_Chloride,Glucose,4:1,1.029,302.363,143.14
Choline_Chloride,Glucose,5:1,0.992,229.333,147.07
Choline_Chloride,Glycerol,1:1,1.014,235.417,113.95
Choline_Chloride,Glycerol,1:2,1.118,607.868,96.37
Choline_Chloride,Glycerol,1:3,1.185,1184.627,87.58
Choline_Chloride,Glycerol,1:4,1.233,1924.586,82.3
Choline_Chloride,Glycerol,1:5,1.268,2777.003,78.78
Choline_Chloride,Glycerol,2:1,0.938,128.809,131.53
Choline_Chloride,Glycerol,3:1,0.907,104.236,140.32
Choline_Chloride,Glycerol,4:1,0.891,93.907,145.6
Choline_Chloride,Glycerol,5:1,0.88,88.331,149.12
Choline_Chloride,Lactic_Acid,1:1,1.125,10.976,101.85
Choline_Chloride,Lactic_Acid,1:2,1.326,7.064,80.23
Choline_Chloride,Lactic_Acid,1:3,1.473,6.097,69.42
Choline_Chloride,Lactic_Acid,1:4,1.586,5.787,62.94
Choline_Chloride,Lactic_Acid,1:5,1.675,5.701,58.62
Choline_Chloride,Lactic_Acid,2:1,0.994,19.189,123.47
Choline_Chloride,Lactic_Acid,3:1,0.944,26.102,134.27
Choline_Chloride,Lactic_Acid,4:1,0.918,31.612,140.76
Choline_Chloride,Lactic_Acid,5:1,0.902,36.008,145.08
Choline_Chloride,Levulinic_Acid,1:1,1.152,2.625,110.7
Choline_Chloride,Levulinic_Acid,1:2,1.344,1.066,92.03
Choline_Chloride,Levulinic_Acid,1:3,1.473,0.729,82.7
Choline_Chloride,Levulinic_Acid,1:4,1.565,0.6,77.1
Choline_Chloride,Levulinic_Acid,1:5,1.634,0.535,73.37
Choline_Chloride,Levulinic_Acid,2:1,1.016,7.322,129.37
Choline_Chloride,Levulinic_Acid,3:1,0.961,12.628,138.7
Choline_Chloride,Levulinic_Acid,4:1,0.932,17.656,144.3
Choline_Chloride,Levulinic_Acid,5:1,0.914,22.142,148.03
Choline_Chloride,Malic_Acid,1:1,1.51,11.289,90.4
Choline_Chloride,Malic_Acid,1:2,2.089,8.65,64.97
Choline_Chloride,Malic_Acid,1:3,2.589,9.1,52.25
Choline_Chloride,Malic_Acid,1:4,3.026,10.494,44.62
Choline_Chloride,Malic_Acid,1:5,3.411,12.428,39.53
Choline_Chloride,Malic_Acid,2:1,1.186,18.736,115.83
Choline_Chloride,Malic_Acid,3:1,1.072,25.366,128.55
Choline_Chloride,Malic_Acid,4:1,1.014,30.766,136.18
Choline_Chloride,Malic_Acid,5:1,0.979,35.128,141.27
Choline_Chloride,Malonic_Acid,1:1,1.415,2.175,85.9
Choline_Chloride,Malonic_Acid,1:2,1.962,0.859,58.97
Choline_Chloride,Malonic_Acid,1:3,2.479,0.611,45.5
Choline_Chloride,Malonic_Acid,1:4,2.967,0.539,37.42
Choline_Chloride,Malonic_Acid,1:5,3.429,0.523,32.03
Choline_Chloride,Malonic_Acid,2:1,1.129,6.465,112.83
Choline_Chloride,Malonic_Acid,3:1,1.032,11.525,126.3
Choline_Chloride,Malonic_Acid,4:1,0.983,16.428,134.38
Choline_Chloride,Malonic_Acid,5:1,0.953,20.865,139.77
Choline_Chloride,Sorbitol,1:1,1.26,57440.8,127.45
Choline_Chloride,Sorbitol,1:2,1.467,2109049.934,114.37
Choline_Chloride,Sorbitol,1:3,1.589,18998876.462,107.83
Choline_Chloride,Sorbitol,1:4,1.67,82995951.48,103.9
Choline_Chloride,Sorbitol,1:5,1.727,238620523.989,101.28
Choline_Chloride,Sorbitol,2:1,1.092,3524.362,140.53
Choline_Chloride,Sorbitol,3:1,1.019,1106.586,147.07
Choline_Chloride,Sorbitol,4:1,0.978,588.795,151
Choline_Chloride,Sorbitol,5:1,0.952,396.185,153.62
Choline_Chloride,Sucrose,1:1,1.947,113869211.283,123.6
Choline_Chloride,Sucrose,1:2,2.512,363752132083.315,109.23
Choline_Chloride,Sucrose,1:3,2.855,56525770958641.1,102.05
Choline_Chloride,Sucrose,1:4,3.085,1.75701454056167E+015,97.74
Choline_Chloride,Sucrose,1:5,3.25,2.1135368230517E+016,94.87
Choline_Chloride,Sucrose,2:1,1.499,262393.414,137.97
Choline_Chloride,Sucrose,3:1,1.308,22133.656,145.15
Choline_Chloride,Sucrose,4:1,1.202,5828.203,149.46
Choline_Chloride,Sucrose,5:1,1.135,2533.129,152.33
Choline_Chloride,Urea,1:1,0.998,6.458,99.8
Choline_Chloride,Urea,1:2,1.115,3.39,77.5
Choline_Chloride,Urea,1:3,1.203,2.615,66.35
Choline_Chloride,Urea,1:4,1.271,2.308,59.66
Choline_Chloride,Urea,1:5,1.326,2.162,55.2
Choline_Chloride,Urea,2:1,0.923,13.601,122.1
Choline_Chloride,Urea,3:1,0.895,20.219,133.25
Choline_Chloride,Urea,4:1,0.881,25.8,139.94
Choline_Chloride,Urea,5:1,0.872,30.419,144.4
L-Proline,"1,2_Butanediol",1:1,1.784,50.594,57.5
L-Proline,"1,2_Butanediol",1:2,1.478,104.518,66.57
L-Proline,"1,2_Butanediol",1:3,1.355,158.764,71.1
L-Proline,"1,2_Butanediol",1:4,1.288,206.893,73.82
L-Proline,"1,2_Butanediol",1:5,1.246,248.11,75.63
L-Proline,"1,2_Butanediol",2:1,2.204,30.304,48.43
L-Proline,"1,2_Butanediol",3:1,2.479,26.423,43.9
L-Proline,"1,2_Butanediol",4:1,2.673,25.655,41.18
L-Proline,"1,2_Butanediol",5:1,2.817,25.84,39.37
L-Proline,"1,3_Butanediol",1:1,1.784,50.594,57.5
L-Proline,"1,3_Butanediol",1:2,1.478,104.518,66.57
L-Proline,"1,3_Butanediol",1:3,1.355,158.764,71.1
L-Proline,"1,3_Butanediol",1:4,1.288,206.893,73.82
L-Proline,"1,3_Butanediol",1:5,1.246,248.11,75.63
L-Proline,"1,3_Butanediol",2:1,2.204,30.304,48.43
L-Proline,"1,3_Butanediol",3:1,2.479,26.423,43.9
L-Proline,"1,3_Butanediol",4:1,2.673,25.655,41.18
L-Proline,"1,3_Butanediol",5:1,2.817,25.84,39.37
L-Proline,"1,4_Butanediol",1:1,1.788,60.535,57.35
L-Proline,"1,4_Butanediol",1:2,1.483,129.593,66.37
L-Proline,"1,4_Butanediol",1:3,1.359,200.037,70.88
L-Proline,"1,4_Butanediol",1:4,1.292,263.083,73.58
L-Proline,"1,4_Butanediol",1:5,1.25,317.38,75.38
L-Proline,"1,4_Butanediol",2:1,2.208,34.738,48.33
L-Proline,"1,4_Butanediol",3:1,2.483,29.524,43.83
L-Proline,"1,4_Butanediol",4:1,2.677,28.173,41.12
L-Proline,"1,4_Butanediol",5:1,2.821,28.022,39.32
L-Proline,"1,6_Hexanediol",1:1,1.587,111.488,73.45
L-Proline,"1,6_Hexanediol",1:2,1.333,308.237,87.83
L-Proline,"1,6_Hexanediol",1:3,1.235,536.301,95.02
L-Proline,"1,6_Hexanediol",1:4,1.183,755.966,99.34
L-Proline,"1,6_Hexanediol",1:5,1.15,954.184,102.22
L-Proline,"1,6_Hexanediol",2:1,1.965,48.649,59.07
L-Proline,"1,6_Hexanediol",3:1,2.233,36.06,51.88
L-Proline,"1,6_Hexanediol",4:1,2.432,31.851,47.56
L-Proline,"1,6_Hexanediol",5:1,2.586,30.22,44.68
L-Proline,"2,3_Butanediol",1:1,1.779,42.431,57.65
L-Proline,"2,3_Butanediol",1:2,1.474,84.729,66.77
L-Proline,"2,3_Butanediol",1:3,1.35,126.769,71.33
L-Proline,"2,3_Butanediol",1:4,1.284,163.777,74.06
L-Proline,"2,3_Butanediol",1:5,1.242,195.306,75.88
L-Proline,"2,3_Butanediol",2:1,2.199,26.485,48.53
L-Proline,"2,3_Butanediol",3:1,2.474,23.677,43.98
L-Proline,"2,3_Butanediol",4:1,2.669,23.382,41.24
L-Proline,"2,3_Butanediol",5:1,2.813,23.843,39.42
L-Proline,Citric_Acid,1:1,8.345,5833.399,18.4
L-Proline,Citric_Acid,1:2,11.527,166813.585,14.43
L-Proline,Citric_Acid,1:3,13.878,1932484.655,12.45
L-Proline,Citric_Acid,1:4,15.687,12563718.014,11.26
L-Proline,Citric_Acid,1:5,17.121,55104437.509,10.47
L-Proline,Citric_Acid,2:1,6.291,648.027,22.37
L-Proline,Citric_Acid,3:1,5.516,279.839,24.35
L-Proline,Citric_Acid,4:1,5.108,179.547,25.54
L-Proline,Citric_Acid,5:1,4.857,136.443,26.33
L-Proline,Ethylene_Glycol,1:1,2.147,33.086,41.25
L-Proline,Ethylene_Glycol,1:2,1.775,55.774,44.9
L-Proline,Ethylene_Glycol,1:3,1.611,77.976,46.73
L-Proline,Ethylene_Glycol,1:4,1.519,97.313,47.82
L-Proline,Ethylene_Glycol,1:5,1.46,113.693,48.55
L-Proline,Ethylene_Glycol,2:1,2.59,25.068,37.6
L-Proline,Ethylene_Glycol,3:1,2.846,24.476,35.78
L-Proline,Ethylene_Glycol,4:1,3.012,25.204,34.68
L-Proline,Ethylene_Glycol,5:1,3.129,26.224,33.95
L-Proline,Fructose,1:1,3.779,1393396.823,39.05
L-Proline,Fructose,1:2,3.774,141725587.12,41.97
L-Proline,Fructose,1:3,3.772,1663137921.977,43.42
L-Proline,Fructose,1:4,3.771,7606500101.368,44.3
L-Proline,Fructose,1:5,3.77,21310429329.049,44.88
L-Proline,Fructose,2:1,3.784,22253.627,36.13
L-Proline,Fructose,3:1,3.787,3504.48,34.67
L-Proline,Fructose,4:1,3.789,1253.916,33.8
L-Proline,Fructose,5:1,3.79,655.69,33.22
L-Proline,Glucose,1:1,3.726,351746.14,39.6
L-Proline,Glucose,1:2,3.71,21820926.109,42.7
L-Proline,Glucose,1:3,3.702,198515357.601,44.25
L-Proline,Glucose,1:4,3.698,777527079.606,45.18
L-Proline,Glucose,1:5,3.695,1962563507.859,45.8
L-Proline,Glucose,2:1,3.746,9031.961,36.5
L-Proline,Glucose,3:1,3.757,1791.089,34.95
L-Proline,Glucose,4:1,3.764,734.47,34.02
L-Proline,Glucose,5:1,3.769,420.303,33.4
L-Proline,Glycerol,1:1,2.264,309.192,45.75
L-Proline,Glycerol,1:2,1.959,1257.182,50.9
L-Proline,Glycerol,1:3,1.829,2744.724,53.48
L-Proline,Glycerol,1:4,1.757,4478.915,55.02
L-Proline,Glycerol,1:5,1.711,6258.179,56.05
L-Proline,Glycerol,2:1,2.645,100.404,40.6
L-Proline,Glycerol,3:1,2.875,65.742,38.03
L-Proline,Glycerol,4:1,3.028,53.905,36.48
L-Proline,Glycerol,5:1,3.138,48.491,35.45
L-Proline,Lactic_Acid,1:1,3.047,9.698,33.65
L-Proline,Lactic_Acid,1:2,2.83,8.048,34.77
L-Proline,Lactic_Acid,1:3,2.726,7.701,35.33
L-Proline,Lactic_Acid,1:4,2.665,7.613,35.66
L-Proline,Lactic_Acid,1:5,2.625,7.6,35.88
L-Proline,Lactic_Acid,2:1,3.28,13.477,32.53
L-Proline,Lactic_Acid,3:1,3.403,16.838,31.98
L-Proline,Lactic_Acid,4:1,3.478,19.628,31.64
L-Proline,Lactic_Acid,5:1,3.53,21.928,31.42
L-Proline,Levulinic_Acid,1:1,2.719,2.004,42.5
L-Proline,Levulinic_Acid,1:2,2.485,1.057,46.57
L-Proline,Levulinic_Acid,1:3,2.383,0.803,48.6
L-Proline,Levulinic_Acid,1:4,2.325,0.689,49.82
L-Proline,Levulinic_Acid,1:5,2.289,0.625,50.63
L-Proline,Levulinic_Acid,2:1,3.002,4.414,38.43
L-Proline,Levulinic_Acid,3:1,3.168,7.037,36.4
L-Proline,Levulinic_Acid,4:1,3.276,9.569,35.18
L-Proline,Levulinic_Acid,5:1,3.353,11.898,34.37
L-Proline,Malic_Acid,1:1,5.61,65.998,22.2
L-Proline,Malic_Acid,1:2,6.549,101.57,19.5
L-Proline,Malic_Acid,1:3,7.123,137.568,18.15
L-Proline,Malic_Acid,1:4,7.51,171.041,17.34
L-Proline,Malic_Acid,1:5,7.789,201.204,16.8
L-Proline,Malic_Acid,2:1,4.875,50.942,24.9
L-Proline,Malic_Acid,3:1,4.564,46.975,26.25
L-Proline,Malic_Acid,4:1,4.392,45.321,27.06
L-Proline,Malic_Acid,5:1,4.283,44.464,27.6
L-Proline,Malonic_Acid,1:1,6.189,11.604,17.7
L-Proline,Malonic_Acid,1:2,7.977,9.418,13.5
L-Proline,Malonic_Acid,1:3,9.366,9.372,11.4
L-Proline,Malonic_Acid,1:4,10.475,9.849,10.14
L-Proline,Malonic_Acid,1:5,11.382,10.497,9.3
L-Proline,Malonic_Acid,2:1,5.086,16.604,21.9
L-Proline,Malonic_Acid,3:1,4.679,20.553,24
L-Proline,Malonic_Acid,4:1,4.468,23.549,25.26
L-Proline,Malonic_Acid,5:1,4.338,25.861,26.1
L-Proline,Sorbitol,1:1,2.508,344817.105,59.25
L-Proline,Sorbitol,1:2,2.318,20855015.614,68.9
L-Proline,Sorbitol,1:3,2.242,176945559.292,73.73
L-Proline,Sorbitol,1:4,2.201,652306277.233,76.62
L-Proline,Sorbitol,1:5,2.176,1569118886.903,78.55
L-Proline,Sorbitol,2:1,2.77,8020.222,49.6
L-Proline,Sorbitol,3:1,2.944,1486.349,44.78
L-Proline,Sorbitol,4:1,3.067,590.084,41.88
L-Proline,Sorbitol,5:1,3.16,333.452,39.95
L-Proline,Sucrose,1:1,4.126,135546655176.397,55.4
L-Proline,Sucrose,1:2,4.178,928267837554537,63.77
L-Proline,Sucrose,1:3,4.199,8.75069011142268E+016,67.95
L-Proline,Sucrose,1:4,4.211,1.38344409864348E+018,70.46
L-Proline,Sucrose,1:5,4.218,8.82104689978002E+018,72.13
L-Proline,Sucrose,2:1,4.056,32594220.996,47.03
L-Proline,Sucrose,3:1,4.01,666610.129,42.85
L-Proline,Sucrose,4:1,3.978,72932.989,40.34
L-Proline,Sucrose,5:1,3.954,17737.651,38.67
L-Proline,Urea,1:1,2.771,5.003,31.6
L-Proline,Urea,1:2,2.447,3.342,32.03
L-Proline,Urea,1:3,2.288,2.885,32.25
L-Proline,Urea,1:4,2.194,2.686,32.38
L-Proline,Urea,1:5,2.132,2.58,32.47
L-Proline,Urea,2:1,3.103,8.707,31.17
L-Proline,Urea,3:1,3.273,12.177,30.95
L-Proline,Urea,4:1,3.376,15.18,30.82
L-Proline,Urea,5:1,3.445,17.726,30.73
Menthol,Dodecanol,1:1,0.953,1315.406,179.7
Menthol,Dodecanol,1:2,0.911,1683.768,193.33
Menthol,Dodecanol,1:3,0.893,1920.341,200.15
Menthol,Dodecanol,1:4,0.882,2082.704,204.24
Menthol,Dodecanol,1:5,0.875,2200.468,206.97
Menthol,Dodecanol,2:1,1.001,1054.087,166.07
Menthol,Dodecanol,3:1,1.028,954.418,159.25
Menthol,Dodecanol,4:1,1.045,902.971,155.16
Menthol,Dodecanol,5:1,1.057,871.867,152.43
Menthol,Lauric_Acid,1:1,1.087,56.474,163.9
Menthol,Lauric_Acid,1:2,1.077,40.431,172.27
Menthol,Lauric_Acid,1:3,1.072,36.985,176.45
Menthol,Lauric_Acid,1:4,1.069,35.87,178.96
Menthol,Lauric_Acid,1:5,1.068,35.467,180.63
Menthol,Lauric_Acid,2:1,1.098,99.862,155.53
Menthol,Lauric_Acid,3:1,1.104,146.847,151.35
Menthol,Lauric_Acid,4:1,1.108,191.75,148.84
Menthol,Lauric_Acid,5:1,1.111,232.68,147.17
Menthol,Octanoic_Acid,1:1,1.14,16.483,131.7
Menthol,Octanoic_Acid,1:2,1.145,6.726,129.33
Menthol,Octanoic_Acid,1:3,1.148,4.638,128.15
Menthol,Octanoic_Acid,1:4,1.15,3.806,127.44
Menthol,Octanoic_Acid,1:5,1.151,3.372,126.97
Menthol,Octanoic_Acid,2:1,1.135,49.086,134.07
Menthol,Octanoic_Acid,3:1,1.132,90.842,135.25
Menthol,Octanoic_Acid,4:1,1.131,134.306,135.96
Menthol,Octanoic_Acid,5:1,1.13,175.855,136.43
N4444Br,"1,2_Butanediol",1:1,0.998,32.148,205.95
N4444Br,"1,2_Butanediol",1:2,1.01,22.506,165.53
N4444Br,"1,2_Butanediol",1:3,1.017,25.439,145.33
N4444Br,"1,2_Butanediol",1:4,1.023,31.729,133.2
N4444Br,"1,2_Butanediol",1:5,1.028,39.859,125.12
N4444Br,"1,2_Butanediol",2:1,0.991,74.169,246.37
N4444Br,"1,2_Butanediol",3:1,0.988,126.165,266.58
N4444Br,"1,2_Butanediol",4:1,0.987,178.287,278.7
N4444Br,"1,2_Butanediol",5:1,0.986,226.71,286.78
N4444Br,"1,3_Butanediol",1:1,0.998,32.148,205.95
N4444Br,"1,3_Butanediol",1:2,1.01,22.506,165.53
N4444Br,"1,3_Butanediol",1:3,1.017,25.439,145.33
N4444Br,"1,3_Butanediol",1:4,1.023,31.729,133.2
N4444Br,"1,3_Butanediol",1:5,1.028,39.859,125.12
N4444Br,"1,3_Butanediol",2:1,0.991,74.169,246.37
N4444Br,"1,3_Butanediol",3:1,0.988,126.165,266.58
N4444Br,"1,3_Butanediol",4:1,0.987,178.287,278.7
N4444Br,"1,3_Butanediol",5:1,0.986,226.71,286.78
N4444Br,"1,4_Butanediol",1:1,0.999,36.177,205.8
N4444Br,"1,4_Butanediol",1:2,1.011,26.417,165.33
N4444Br,"1,4_Butanediol",1:3,1.019,30.545,145.1
N4444Br,"1,4_Butanediol",1:4,1.025,38.656,132.96
N4444Br,"1,4_Butanediol",1:5,1.03,49.065,124.87
N4444Br,"1,4_Butanediol",2:1,0.991,80.182,246.27
N4444Br,"1,4_Butanediol",3:1,0.988,133.736,266.5
N4444Br,"1,4_Butanediol",4:1,0.987,186.782,278.64
N4444Br,"1,4_Butanediol",5:1,0.986,235.667,286.73
N4444Br,"1,6_Hexanediol",1:1,0.99,93.763,221.9
N4444Br,"1,6_Hexanediol",1:2,0.995,100.75,186.8
N4444Br,"1,6_Hexanediol",1:3,0.998,139.092,169.25
N4444Br,"1,6_Hexanediol",1:4,1,191.76,158.72
N4444Br,"1,6_Hexanediol",1:5,1.002,253.564,151.7
N4444Br,"1,6_Hexanediol",2:1,0.986,144.808,257
N4444Br,"1,6_Hexanediol",3:1,0.985,204.968,274.55
N4444Br,"1,6_Hexanediol",4:1,0.984,260.838,285.08
N4444Br,"1,6_Hexanediol",5:1,0.984,310,292.1
N4444Br,"2,3_Butanediol",1:1,0.998,28.593,206.1
N4444Br,"2,3_Butanediol",1:2,1.008,19.211,165.73
N4444Br,"2,3_Butanediol",1:3,1.016,21.246,145.55
N4444Br,"2,3_Butanediol",1:4,1.021,26.134,133.44
N4444Br,"2,3_Butanediol",1:5,1.026,32.512,125.37
N4444Br,"2,3_Butanediol",2:1,0.991,68.629,246.47
N4444Br,"2,3_Butanediol",3:1,0.988,119.043,266.65
N4444Br,"2,3_Butanediol",4:1,0.986,170.197,278.76
N4444Br,"2,3_Butanediol",5:1,0.986,218.108,286.83
N4444Br,Citric_Acid,1:1,1.538,37.691,166.85
N4444Br,Citric_Acid,1:2,2.073,22.405,113.4
N4444Br,Citric_Acid,1:3,2.588,23.848,86.68
N4444Br,Citric_Acid,1:4,3.084,31.155,70.64
N4444Br,Citric_Acid,1:5,3.562,44.341,59.95
N4444Br,Citric_Acid,2:1,1.263,91.542,220.3
N4444Br,Citric_Acid,3:1,1.17,152.858,247.03
N4444Br,Citric_Acid,4:1,1.123,211.027,263.06
N4444Br,Citric_Acid,5:1,1.095,262.986,273.75
N4444Br,Dodecanol,1:1,0.926,506.584,273.9
N4444Br,Dodecanol,1:2,0.903,660.965,256.13
N4444Br,Dodecanol,1:3,0.89,839.95,247.25
N4444Br,Dodecanol,1:4,0.881,1008.012,241.92
N4444Br,Dodecanol,1:5,0.876,1158.185,238.37
N4444Br,Dodecanol,2:1,0.947,494.21,291.67
N4444Br,Dodecanol,3:1,0.956,527.305,300.55
N4444Br,Dodecanol,4:1,0.962,560.485,305.88
N4444Br,Dodecanol,5:1,0.965,588.855,309.43
N4444Br,Ethylene_Glycol,1:1,1.01,13.563,189.7
N4444Br,Ethylene_Glycol,1:2,1.032,6.319,143.87
N4444Br,Ethylene_Glycol,1:3,1.049,5.794,120.95
N4444Br,Ethylene_Glycol,1:4,1.062,6.48,107.2
N4444Br,Ethylene_Glycol,1:5,1.073,7.708,98.03
N4444Br,Ethylene_Glycol,2:1,0.997,44.136,235.53
N4444Br,Ethylene_Glycol,3:1,0.992,87.09,258.45
N4444Br,Ethylene_Glycol,4:1,0.99,133.645,272.2
N4444Br,Ethylene_Glycol,5:1,0.988,179.093,281.37
N4444Br,Fructose,1:1,1.337,758.125,187.5
N4444Br,Fructose,1:2,1.611,4192.707,140.93
N4444Br,Fructose,1:3,1.83,24087.822,117.65
N4444Br,Fructose,1:4,2.009,114871.021,103.68
N4444Br,Fructose,1:5,2.157,447245.391,94.37
N4444Br,Fructose,2:1,1.171,459.808,234.07
N4444Br,Fructose,3:1,1.111,460.509,257.35
N4444Br,Fructose,4:1,1.08,487.53,271.32
N4444Br,Fructose,5:1,1.061,516.436,280.63
N4444Br,Glucose,1:1,1.333,413.419,188.05
N4444Br,Glucose,1:2,1.603,1687.335,141.67
N4444Br,Glucose,1:3,1.818,7853.764,118.48
N4444Br,Glucose,1:4,1.992,31827.363,104.56
N4444Br,Glucose,1:5,2.137,108543.076,95.28
N4444Br,Glucose,2:1,1.169,315.917,234.43
N4444Br,Glucose,3:1,1.11,350.199,257.63
N4444Br,Glucose,4:1,1.079,392.848,271.54
N4444Br,Glucose,5:1,1.06,432.074,280.82
N4444Br,Glycerol,1:1,1.064,35.431,194.2
N4444Br,Glycerol,1:2,1.124,31.798,149.87
N4444Br,Glycerol,1:3,1.169,46.892,127.7
N4444Br,Glycerol,1:4,1.205,75.091,114.4
N4444Br,Glycerol,1:5,1.234,118.203,105.53
N4444Br,Glycerol,2:1,1.026,75.004,238.53
N4444Br,Glycerol,3:1,1.012,125.623,260.7
N4444Br,Glycerol,4:1,1.005,176.806,274
N4444Br,Glycerol,5:1,1.001,224.602,282.87
N4444Br,Lactic_Acid,1:1,1.129,8.66,182.1
N4444Br,Lactic_Acid,1:2,1.249,2.626,133.73
N4444Br,Lactic_Acid,1:3,1.349,1.706,109.55
N4444Br,Lactic_Acid,1:4,1.434,1.449,95.04
N4444Br,Lactic_Acid,1:5,1.506,1.382,85.37
N4444Br,Lactic_Acid,2:1,1.059,35.769,230.47
N4444Br,Lactic_Acid,3:1,1.034,76.266,254.65
N4444Br,Lactic_Acid,4:1,1.022,121.443,269.16
N4444Br,Lactic_Acid,5:1,1.014,166.244,278.83
N4444Br,Lauric_Acid,1:1,1.01,162.934,258.1
N4444Br,Lauric_Acid,1:2,1.023,97.357,235.07
N4444Br,Lauric_Acid,1:3,1.031,75.794,223.55
N4444Br,Lauric_Acid,1:4,1.036,65.394,216.64
N4444Br,Lauric_Acid,1:5,1.039,59.338,212.03
N4444Br,Lauric_Acid,2:1,0.999,276.987,281.13
N4444Br,Lauric_Acid,3:1,0.994,362.921,292.65
N4444Br,Lauric_Acid,4:1,0.991,427.392,299.56
N4444Br,Lauric_Acid,5:1,0.99,476.875,304.17
N4444Br,Levulinic_Acid,1:1,1.145,11.505,190.95
N4444Br,Levulinic_Acid,1:2,1.267,3.087,145.53
N4444Br,Levulinic_Acid,1:3,1.362,1.669,122.83
N4444Br,Levulinic_Acid,1:4,1.438,1.178,109.2
N4444Br,Levulinic_Acid,1:5,1.501,0.945,100.12
N4444Br,Levulinic_Acid,2:1,1.07,46.033,236.37
N4444Br,Levulinic_Acid,3:1,1.042,93.716,259.08
N4444Br,Levulinic_Acid,4:1,1.027,144.2,272.7
N4444Br,Levulinic_Acid,5:1,1.019,192.5,281.78
N4444Br,Malic_Acid,1:1,1.334,11.209,170.65
N4444Br,Malic_Acid,1:2,1.658,3.669,118.47
N4444Br,Malic_Acid,1:3,1.957,2.511,92.38
N4444Br,Malic_Acid,1:4,2.235,2.248,76.72
N4444Br,Malic_Acid,1:5,2.493,2.267,66.28
N4444Br,Malic_Acid,2:1,1.161,42.796,222.83
N4444Br,Malic_Acid,3:1,1.102,87.468,248.93
N4444Br,Malic_Acid,4:1,1.073,135.667,264.58
N4444Br,Malic_Acid,5:1,1.055,182.428,275.02
N4444Br,Malonic_Acid,1:1,1.28,5.632,166.15
N4444Br,Malonic_Acid,1:2,1.569,1.307,112.47
N4444Br,Malonic_Acid,1:3,1.849,0.7,85.63
N4444Br,Malonic_Acid,1:4,2.121,0.514,69.52
N4444Br,Malonic_Acid,1:5,2.385,0.438,58.78
N4444Br,Malonic_Acid,2:1,1.132,27.895,219.83
N4444Br,Malonic_Acid,3:1,1.082,63.961,246.68
N4444Br,Malonic_Acid,4:1,1.057,105.958,262.78
N4444Br,Malonic_Acid,5:1,1.042,148.713,273.52
N4444Br,Octanoic_Acid,1:1,1.03,36.238,225.9
N4444Br,Octanoic_Acid,1:2,1.057,13.375,192.13
N4444Br,Octanoic_Acid,1:3,1.075,8.24,175.25
N4444Br,Octanoic_Acid,1:4,1.087,6.197,165.12
N4444Br,Octanoic_Acid,1:5,1.096,5.139,158.37
N4444Br,Octanoic_Acid,2:1,1.01,100.964,259.67
N4444Br,Octanoic_Acid,3:1,1.001,169.89,276.55
N4444Br,Octanoic_Acid,4:1,0.997,232.656,286.68
N4444Br,Octanoic_Acid,5:1,0.994,287.146,293.43
N4444Br,Sorbitol,1:1,1.212,980.68,207.7
N4444Br,Sorbitol,1:2,1.361,9216.621,167.87
N4444Br,Sorbitol,1:3,1.466,69517.196,147.95
N4444Br,Sorbitol,1:4,1.543,362363.637,136
N4444Br,Sorbitol,1:5,1.603,1383885.585,128.03
N4444Br,Sorbitol,2:1,1.11,440.783,247.53
N4444Br,Sorbitol,3:1,1.071,415.446,267.45
N4444Br,Sorbitol,4:1,1.05,434.905,279.4
N4444Br,Sorbitol,5:1,1.037,461.68,287.37
N4444Br,Sucrose,1:1,1.627,290122.344,203.85
N4444Br,Sucrose,1:2,2.059,93043559.313,162.73
N4444Br,Sucrose,1:3,2.37,8597060704.037,142.18
N4444Br,Sucrose,1:4,2.603,295867593890.849,129.84
N4444Br,Sucrose,1:5,2.784,4950111324807.66,121.62
N4444Br,Sucrose,2:1,1.34,11543.804,244.97
N4444Br,Sucrose,3:1,1.229,4141.4,265.53
N4444Br,Sucrose,4:1,1.171,2570.392,277.86
N4444Br,Sucrose,5:1,1.135,1964.82,286.08
N4444Br,Urea,1:1,1.059,5.999,180.05
N4444Br,Urea,1:2,1.123,1.533,131
N4444Br,Urea,1:3,1.177,0.892,106.48
N4444Br,Urea,1:4,1.223,0.699,91.76
N4444Br,Urea,1:5,1.264,0.627,81.95
N4444Br,Urea,2:1,1.022,28.424,229.1
N4444Br,Urea,3:1,1.009,64.452,253.63
N4444Br,Urea,4:1,1.002,106.324,268.34
N4444Br,Urea,5:1,0.998,148.938,278.15
Sodium_Propionate,"1,2_Butanediol",1:1,1.445,2.176,64.4
Sodium_Propionate,"1,2_Butanediol",1:2,1.293,12.144,71.17
Sodium_Propionate,"1,2_Butanediol",1:3,1.228,30.964,74.55
Sodium_Propionate,"1,2_Butanediol",1:4,1.192,55.428,76.58
Sodium_Propionate,"1,2_Butanediol",1:5,1.168,82.361,77.93
Sodium_Propionate,"1,2_Butanediol",2:1,1.632,0.507,57.63
Sodium_Propionate,"1,2_Butanediol",3:1,1.743,0.279,54.25
Sodium_Propionate,"1,2_Butanediol",4:1,1.816,0.205,52.22
Sodium_Propionate,"1,2_Butanediol",5:1,1.868,0.17,50.87
Sodium_Propionate,"1,3_Butanediol",1:1,1.445,2.176,64.4
Sodium_Propionate,"1,3_Butanediol",1:2,1.293,12.144,71.17
Sodium_Propionate,"1,3_Butanediol",1:3,1.228,30.964,74.55
Sodium_Propionate,"1,3_Butanediol",1:4,1.192,55.428,76.58
Sodium_Propionate,"1,3_Butanediol",1:5,1.168,82.361,77.93
Sodium_Propionate,"1,3_Butanediol",2:1,1.632,0.507,57.63
Sodium_Propionate,"1,3_Butanediol",3:1,1.743,0.279,54.25
Sodium_Propionate,"1,3_Butanediol",4:1,1.816,0.205,52.22
Sodium_Propionate,"1,3_Butanediol",5:1,1.868,0.17,50.87
Sodium_Propionate,"1,4_Butanediol",1:1,1.448,2.489,64.25
Sodium_Propionate,"1,4_Butanediol",1:2,1.297,14.538,70.97
Sodium_Propionate,"1,4_Butanediol",1:3,1.232,37.944,74.33
Sodium_Propionate,"1,4_Butanediol",1:4,1.195,68.885,76.34
Sodium_Propionate,"1,4_Butanediol",1:5,1.172,103.327,77.68
Sodium_Propionate,"1,4_Butanediol",2:1,1.634,0.555,57.53
Sodium_Propionate,"1,4_Butanediol",3:1,1.745,0.298,54.18
Sodium_Propionate,"1,4_Butanediol",4:1,1.818,0.216,52.16
Sodium_Propionate,"1,4_Butanediol",5:1,1.87,0.178,50.82
Sodium_Propionate,"1,6_Hexanediol",1:1,1.332,5.802,80.35
Sodium_Propionate,"1,6_Hexanediol",1:2,1.198,42.045,92.43
Sodium_Propionate,"1,6_Hexanediol",1:3,1.143,119.427,98.47
Sodium_Propionate,"1,6_Hexanediol",1:4,1.113,226.498,102.1
Sodium_Propionate,"1,6_Hexanediol",1:5,1.095,348.795,104.52
Sodium_Propionate,"1,6_Hexanediol",2:1,1.514,0.981,68.27
Sodium_Propionate,"1,6_Hexanediol",3:1,1.632,0.451,62.23
Sodium_Propionate,"1,6_Hexanediol",4:1,1.714,0.297,58.6
Sodium_Propionate,"1,6_Hexanediol",5:1,1.775,0.231,56.18
Sodium_Propionate,"2,3_Butanediol",1:1,1.441,1.909,64.55
Sodium_Propionate,"2,3_Butanediol",1:2,1.29,10.19,71.37
Sodium_Propionate,"2,3_Butanediol",1:3,1.224,25.41,74.78
Sodium_Propionate,"2,3_Butanediol",1:4,1.188,44.876,76.82
Sodium_Propionate,"2,3_Butanediol",1:5,1.165,66.084,78.18
Sodium_Propionate,"2,3_Butanediol",2:1,1.629,0.465,57.73
Sodium_Propionate,"2,3_Butanediol",3:1,1.74,0.261,54.33
Sodium_Propionate,"2,3_Butanediol",4:1,1.814,0.194,52.28
Sodium_Propionate,"2,3_Butanediol",5:1,1.866,0.163,50.92
Sodium_Propionate,Citric_Acid,1:1,5.693,6.248,25.3
Sodium_Propionate,Citric_Acid,1:2,8.408,166.662,19.03
Sodium_Propionate,Citric_Acid,1:3,10.568,2276.289,15.9
Sodium_Propionate,Citric_Acid,1:4,12.327,19085.503,14.02
Sodium_Propionate,Citric_Acid,1:5,13.788,111234.453,12.77
Sodium_Propionate,Citric_Acid,2:1,4.056,0.876,31.57
Sodium_Propionate,Citric_Acid,3:1,3.459,0.432,34.7
Sodium_Propionate,Citric_Acid,4:1,3.15,0.3,36.58
Sodium_Propionate,Citric_Acid,5:1,2.961,0.24,37.83
Sodium_Propionate,Ethylene_Glycol,1:1,1.641,0.965,48.15
Sodium_Propionate,Ethylene_Glycol,1:2,1.482,4.532,49.5
Sodium_Propionate,Ethylene_Glycol,1:3,1.406,11.172,50.18
Sodium_Propionate,Ethylene_Glycol,1:4,1.361,19.967,50.58
Sodium_Propionate,Ethylene_Glycol,1:5,1.331,29.878,50.85
Sodium_Propionate,Ethylene_Glycol,2:1,1.81,0.297,46.8
Sodium_Propionate,Ethylene_Glycol,3:1,1.898,0.191,46.12
Sodium_Propionate,Ethylene_Glycol,4:1,1.951,0.154,45.72
Sodium_Propionate,Ethylene_Glycol,5:1,1.988,0.137,45.45
Sodium_Propionate,Fructose,1:1,3.004,2086.509,45.95
Sodium_Propionate,Fructose,1:2,3.265,798372.052,46.57
Sodium_Propionate,Fructose,1:3,3.393,24807543.626,46.87
Sodium_Propionate,Fructose,1:4,3.469,225325008.88,47.06
Sodium_Propionate,Fructose,1:5,3.519,1040999672.987,47.18
Sodium_Propionate,Fructose,2:1,2.736,19.535,45.33
Sodium_Propionate,Fructose,3:1,2.599,3.101,45.03
Sodium_Propionate,Fructose,4:1,2.516,1.209,44.84
Sodium_Propionate,Fructose,5:1,2.461,0.691,44.72
Sodium_Propionate,Glucose,1:1,2.969,778.405,46.5
Sodium_Propionate,Glucose,1:2,3.215,175821.844,47.3
Sodium_Propionate,Glucose,1:3,3.334,4023257.04,47.7
Sodium_Propionate,Glucose,1:4,3.405,29988092.166,47.94
Sodium_Propionate,Glucose,1:5,3.452,120711478.164,48.1
Sodium_Propionate,Glucose,2:1,2.714,11.105,45.7
Sodium_Propionate,Glucose,3:1,2.583,2.097,45.3
Sodium_Propionate,Glucose,4:1,2.504,0.897,45.06
Sodium_Propionate,Glucose,5:1,2.45,0.543,44.9
Sodium_Propionate,Glycerol,1:1,1.786,5.852,52.65
Sodium_Propionate,Glycerol,1:2,1.682,71.362,55.5
Sodium_Propionate,Glycerol,1:3,1.634,293.945,56.93
Sodium_Propionate,Glycerol,1:4,1.607,721.212,57.78
Sodium_Propionate,Glycerol,1:5,1.589,1337.264,58.35
Sodium_Propionate,Glycerol,2:1,1.902,0.794,49.8
Sodium_Propionate,Glycerol,3:1,1.964,0.363,48.38
Sodium_Propionate,Glycerol,4:1,2.004,0.245,47.52
Sodium_Propionate,Glycerol,5:1,2.031,0.195,46.95
Sodium_Propionate,Lactic_Acid,1:1,2.294,0.32,40.55
Sodium_Propionate,Lactic_Acid,1:2,2.338,0.729,39.37
Sodium_Propionate,Lactic_Acid,1:3,2.361,1.204,38.77
Sodium_Propionate,Lactic_Acid,1:4,2.375,1.678,38.42
Sodium_Propionate,Lactic_Acid,1:5,2.384,2.12,38.18
Sodium_Propionate,Lactic_Acid,2:1,2.253,0.176,41.73
Sodium_Propionate,Lactic_Acid,3:1,2.233,0.141,42.33
Sodium_Propionate,Lactic_Acid,4:1,2.222,0.127,42.68
Sodium_Propionate,Lactic_Acid,5:1,2.214,0.119,42.92
Sodium_Propionate,Levulinic_Acid,1:1,2.146,0.194,49.4
Sodium_Propionate,Levulinic_Acid,1:2,2.138,0.247,51.17
Sodium_Propionate,Levulinic_Acid,1:3,2.133,0.279,52.05
Sodium_Propionate,Levulinic_Acid,1:4,2.131,0.3,52.58
Sodium_Propionate,Levulinic_Acid,1:5,2.129,0.315,52.93
Sodium_Propionate,Levulinic_Acid,2:1,2.156,0.153,47.63
Sodium_Propionate,Levulinic_Acid,3:1,2.161,0.137,46.75
Sodium_Propionate,Levulinic_Acid,4:1,2.164,0.128,46.22
Sodium_Propionate,Levulinic_Acid,5:1,2.166,0.122,45.87
Sodium_Propionate,Malic_Acid,1:1,3.953,0.592,29.1
Sodium_Propionate,Malic_Acid,1:2,5.035,2.117,24.1
Sodium_Propionate,Malic_Acid,1:3,5.765,5.159,21.6
Sodium_Propionate,Malic_Acid,1:4,6.29,9.896,20.1
Sodium_Propionate,Malic_Acid,1:5,6.685,16.24,19.1
Sodium_Propionate,Malic_Acid,2:1,3.187,0.255,34.1
Sodium_Propionate,Malic_Acid,3:1,2.883,0.187,36.6
Sodium_Propionate,Malic_Acid,4:1,2.72,0.159,38.1
Sodium_Propionate,Malic_Acid,5:1,2.618,0.144,39.1
Sodium_Propionate,Malonic_Acid,1:1,4.066,0.203,24.6
Sodium_Propionate,Malonic_Acid,1:2,5.599,0.356,18.1
Sodium_Propionate,Malonic_Acid,1:3,6.87,0.554,14.85
Sodium_Propionate,Malonic_Acid,1:4,7.939,0.792,12.9
Sodium_Propionate,Malonic_Acid,1:5,8.852,1.065,11.6
Sodium_Propionate,Malonic_Acid,2:1,3.173,0.144,31.1
Sodium_Propionate,Malonic_Acid,3:1,2.853,0.127,34.35
Sodium_Propionate,Malonic_Acid,4:1,2.689,0.119,36.3
Sodium_Propionate,Malonic_Acid,5:1,2.589,0.114,37.6
Sodium_Propionate,Sorbitol,1:1,2.102,2549.345,66.15
Sodium_Propionate,Sorbitol,1:2,2.087,577558.973,73.5
Sodium_Propionate,Sorbitol,1:3,2.081,10815931.388,77.18
Sodium_Propionate,Sorbitol,1:4,2.077,66508232.395,79.38
Sodium_Propionate,Sorbitol,1:5,2.075,228218404.345,80.85
Sodium_Propionate,Sorbitol,2:1,2.121,24.145,58.8
Sodium_Propionate,Sorbitol,3:1,2.132,3.44,55.12
Sodium_Propionate,Sorbitol,4:1,2.14,1.244,52.92
Sodium_Propionate,Sorbitol,5:1,2.145,0.679,51.45
Sodium_Propionate,Sucrose,1:1,3.516,71412057.867,62.3
Sodium_Propionate,Sucrose,1:2,3.804,2867902940486.72,68.37
Sodium_Propionate,Sucrose,1:3,3.93,892539049766476,71.4
Sodium_Propionate,Sucrose,1:4,4,3.15162795839661E+016,73.22
Sodium_Propionate,Sucrose,1:5,4.045,3.55144564505992E+017,74.43
Sodium_Propionate,Sucrose,2:1,3.166,7886.801,56.23
Sodium_Propionate,Sucrose,3:1,2.961,169.849,53.2
Sodium_Propionate,Sucrose,4:1,2.827,22.43,51.38
Sodium_Propionate,Sucrose,5:1,2.732,6.624,50.17
Sodium_Propionate,Urea,1:1,2.027,0.194,38.5
Sodium_Propionate,Urea,1:2,1.966,0.348,36.63
Sodium_Propionate,Urea,1:3,1.934,0.506,35.7
Sodium_Propionate,Urea,1:4,1.913,0.652,35.14
Sodium_Propionate,Urea,1:5,1.899,0.782,34.77
Sodium_Propionate,Urea,2:1,2.082,0.131,40.37
Sodium_Propionate,Urea,3:1,2.107,0.115,41.3
Sodium_Propionate,Urea,4:1,2.122,0.109,41.86
Sodium_Propionate,Urea,5:1,2.132,0.105,42.23
Thymol,Dodecanol,1:1,0.918,2156.108,183.15
Thymol,Dodecanol,1:2,0.89,2334.117,195.63
Thymol,Dodecanol,1:3,0.878,2450.844,201.87
Thymol,Dodecanol,1:4,0.87,2530.288,205.62
Thymol,Dodecanol,1:5,0.866,2587.341,208.12
Thymol,Dodecanol,2:1,0.95,2049.343,170.67
Thymol,Dodecanol,3:1,0.968,2023.331,164.42
Thymol,Dodecanol,4:1,0.979,2017.085,160.68
Thymol,Dodecanol,5:1,0.987,2017.058,158.18
Thymol,Lauric_Acid,1:1,1.047,94.246,167.35
Thymol,Lauric_Acid,1:2,1.051,56.538,174.57
Thymol,Lauric_Acid,1:3,1.053,47.422,178.17
Thymol,Lauric_Acid,1:4,1.054,43.696,180.34
Thymol,Lauric_Acid,1:5,1.055,41.769,181.78
Thymol,Lauric_Acid,2:1,1.042,198.985,160.13
Thymol,Lauric_Acid,3:1,1.039,319.161,156.52
Thymol,Lauric_Acid,4:1,1.037,438.538,154.36
Thymol,Lauric_Acid,5:1,1.036,550.174,152.92
Thymol,Octanoic_Acid,1:1,1.088,27.498,135.15
Thymol,Octanoic_Acid,1:2,1.11,9.408,131.63
Thymol,Octanoic_Acid,1:3,1.121,5.947,129.87
Thymol,Octanoic_Acid,1:4,1.128,4.635,128.82
Thymol,Octanoic_Acid,1:5,1.133,3.969,128.12
Thymol,Octanoic_Acid,2:1,1.068,97.529,138.67
Thymol,Octanoic_Acid,3:1,1.058,196.609,140.42
Thymol,Octanoic_Acid,4:1,1.052,305.717,141.48
Thymol,Octanoic_Acid,5:1,1.049,413.809,142.18
